Title,Channel,Views,Likes,Comments,Published,Genre,Region
Kodak Black - Get Me Some Money [Official Music Video],Kodak Black,131470,12736,1439,2025-07-27,Music,US
Peacemaker Season 2 | Official Trailer | HBO Max,DC,1554757,85431,2853,2025-07-26,Entertainment,US
I got ADMIN COMMANDS in FORSAKEN,Flamingo,473029,33443,5770,2025-07-27,Gaming,US
YoungBoy Never Broke Again - Wine & Dine [Official Music Video],YoungBoy Never Broke Again,882535,53904,3124,2025-07-25,Music,US
"KINGDOM Official Trailer | Vijay Deverakonda, Satya Dev, Bhagyashrii | Anirudh | Gowtam Tinnanuri",Sithara Entertainments,5201844,255401,7830,2025-07-26,Entertainment,US
"$1 vs $25,000 Secret Rooms",MrBeast Gaming,4961839,167538,2709,2025-07-26,Gaming,US
Joyner Lucas - Round 2 K.O,Joyner Lucas,616751,51677,15282,2025-07-25,Music,US
"Popeye the Sailor Man (2026) - Live Action Trailer | Jason Statham, Emma Stone - Concept Trailer",Ultimate Studios,132551,1311,160,2025-07-26,Entertainment,US
Qualifying Highlights | 2025 Belgian Grand Prix,FORMULA 1,2948875,55424,2188,2025-07-26,Sports,US
Free - Arden Cho & Cha Eun Woo Cover,ardenBcho,281891,40660,2794,2025-07-26,People & Blogs,US
Star Trek: Starfleet Academy | First Look Teaser | Paramount+,Paramount Plus,146157,3662,1163,2025-07-26,Entertainment,US
Inside A Serial Killers Apartmentâ€¦,CaseOh,226723,8841,799,2025-07-26,Gaming,US
KAROL G - Papasito (Lyrics),7clouds Tropical,266750,545,9,2025-07-24,People & Blogs,US
Gen V Season 2 - Official Trailer | Prime Video,Prime Video,4037773,57876,3320,2025-07-25,Entertainment,US
OPTIC GAMING VS 100 THIEVES!! SCUMP WATCH PARTY - ESPORTS WORLD CUP DAY 3,Scump,531285,9780,121,2025-07-26,Entertainment,US
Mariam Ba LagarÃ© - Mon Choix feat. Wally Seck (Clip Officiel),Mariam BA LAGARÃ‰,704438,49987,18744,2025-07-26,Music,US
AVENGERS DOOMSDAY COMIC CON TEASER 2025 & Hidden Details,Emergency Awesome,274297,5484,549,2025-07-26,Entertainment,US
No Armor Hardcore - Episode 1 - a scary start,rekrap2,747755,44959,4332,2025-07-26,Gaming,US
Rio Da Yung Og & Zillionaire Doe - WHAT U SPEND (Official Video),Rio Da Yung OG,251504,8603,589,2025-07-25,Music,US
Five Nights at Freddy's 2 | Official Trailer,Universal Pictures,8903194,469323,28985,2025-07-24,Entertainment,US
The Story of the Only Unbeatable Pokemon Team,WolfeyVGC,540203,28248,1298,2025-07-26,Gaming,US
femtanyl - LOTTERY,Femtanyl,97718,20918,3295,2025-07-26,Music,US
Official Trailer | Star Trek: Khan,Star Trek,169638,3896,300,2025-07-26,Entertainment,US
"Spending $8,590,739 On SINGING BRAINROTS..",Foltyn,463712,11514,2425,2025-07-26,Gaming,US
BeÃ©le - si te pillara ( LETRA ) ðŸŒ´,Mas Flow,293385,444,8,2025-07-24,Music,US
